post_id,score,top_comment_id,verdict,date,time
16pft48,33440,k1qn9l4,NTA,2023-09-22,17:13:37
15hnt2x,37290,jupmhzy,NTA,2023-08-04,02:39:18
15kcdv7,32432,jv4rgiv,NTA,2023-08-07,06:23:51
150knwz,37913,js3umau,NTA,2023-07-15,19:26:27
13rh62c,36862,jlk5w0j,NTA,2023-05-25,13:00:27
13terws,41957,jluptbk,NTA,2023-05-27,18:36:39
13savby,45758,jlotiaq,NTA,2023-05-26,11:43:11
15hbw8d,33790,junmkux,NTA,2023-08-03,18:29:32
136imou,35181,jiot9x4,NTA,2023-05-03,12:06:12
16r0ybi,45071,k20aoql,NTA,2023-09-24,15:47:49
175ddnr,31005,k4f43h4,NTA,2023-10-11,12:56:00
14eda0w,29909,jou68g1,NTA,2023-06-20,14:53:21
14qk4c9,30046,jqnkidc,NTA,2023-07-04,16:38:55
15c8d0a,30910,jtuxx9o,NTA,2023-07-28,20:32:39
164gett,28619,jy7wtd8,NTA,2023-08-29,11:55:21
13xguk1,28556,jmgyy4f,NTA,2023-06-01,12:54:49
13os3i5,29642,jl5tk53,NTA,2023-05-22,14:13:30
146tc72,30078,jns1h91,YTA,2023-06-11,12:59:28
16agagn,28408,jz7970t,NAH,2023-09-05,06:22:08
15em132,27388,ju8di8h,NTA,2023-07-31,17:14:46
12fqxu0,27018,jfgno8w,NTA,2023-04-08,16:32:03
143zzbs,26690,jncwggd,NTA,2023-06-08,05:08:33
13o2pzh,26529,jl27p8t,NTA,2023-05-21,18:40:51
15k13yo,26707,jv2xcyf,NTA,2023-08-06,21:24:39
13axks3,26319,jj8hsg3,NTA,2023-05-07,17:51:21
13hkysm,25967,jk5uoui,NTA,2023-05-14,19:28:53
1601xoy,25945,jxjuygy,NTA,2023-08-24,13:26:32
138csc5,25649,jiyca4t,NTA,2023-05-05,06:18:25
132rpi2,25656,ji6h8ub,NTA,2023-04-29,12:32:11
15xbr1i,25481,jx5f7ix,NTA,2023-08-21,16:01:00
17j8whz,25487,k6zehxb,NTA,2023-10-29,18:15:06
14ircfd,25421,jphil04,NTA,2023-06-25,17:05:23
163fnv4,25379,jy2dju4,NTA,2023-08-28,07:46:37
15phek8,25126,jvxm4rs,NTA,2023-08-12,22:20:20
14m775d,25264,jq031rd,NTA,2023-06-29,14:58:37
1795ybo,25232,k547bbz,NTA,2023-10-16,13:27:07
142zosc,25252,jn7b2hl,NTA,2023-06-07,01:37:40
15eari2,24803,ju6jouc,NTA,2023-07-31,09:02:14
14aoqg1,24234,jobl5n6,NTA,2023-06-16,06:05:02
142lvdi,24783,jn56qr9,NTA,2023-06-06,16:41:41
17yohi6,24042,k9umwbn,NTA,2023-11-19,04:00:20
1321jm7,23872,ji2qgy9,NTA,2023-04-28,16:51:58
145qnnn,23907,jnmh7qz,NTA,2023-06-10,04:41:36
16au07i,23262,jz9dbhb,NTA,2023-09-05,17:13:05
15dnxds,23658,ju2zadg,NTA,2023-07-30,15:10:46
16olxc2,23368,k1lgr8l,NTA,2023-09-21,17:34:23
14729cx,22980,jntbzik,NTA,2023-06-11,19:05:27
15877qo,23162,jt8grzg,NTA,2023-07-24,10:52:18
13ifaxs,23045,jk9hxi7,NTA,2023-05-15,17:59:26
15dzqdy,22979,ju4xluf,NTA,2023-07-30,23:19:34
16241qc,22489,jxvbvs9,NTA,2023-08-26,19:21:08
15wp4it,22731,jx22h8p,NTA,2023-08-20,22:29:23
17a47ms,22422,k5age72,NTA,2023-10-17,17:51:09
14a4fw1,22679,jo8grwi,NTA,2023-06-15,14:52:38
12dm88q,21945,jf7097c,NTA,2023-04-06,14:34:51
15pvbmu,22173,jvzjb4c,NTA,2023-08-13,10:21:41
16ds9hr,21912,jzrajoy,NTA,2023-09-09,01:15:38
1765md0,21643,k4jxqr4,NTA,2023-10-12,12:18:56
14atiwo,22023,joc6txw,NTA,2023-06-16,10:43:07
16j747y,21553,k0o49cr,NTA,2023-09-15,07:58:45
15zqnwl,21510,jxii43t,NTA,2023-08-24,03:53:34
13wwl2o,21466,jmdvj7e,NTA,2023-05-31,20:09:39
15147bx,21453,js6iiql,NTA,2023-07-16,11:44:37
15f06oa,20733,juaobag,NTA,2023-08-01,02:53:23
160eete,21391,jxm0h73,NTA,2023-08-24,21:14:17
15ndf04,21178,jvlc1cy,NTA,2023-08-10,14:02:45
17evnzy,21092,k6608r8,NTA,2023-10-23,21:27:56
15g317x,21053,jugij0g,NTA,2023-08-02,08:26:24
14bmpzy,21461,jogcjej,NTA,2023-06-17,09:38:35
14wozre,21012,jrixqco,NTA,2023-07-11,11:43:00
1620u0a,20960,jxuqbqm,NTA,2023-08-26,17:14:46
15tyo15,20874,jwmpbn8,NAH,2023-08-17,20:26:14
13sp2bc,20794,jlr69ol,NTA,2023-05-26,21:30:02
15gqspa,20640,jukfmjw,NTA,2023-08-03,01:54:12
13wlw9z,20297,jmc4kzb,NTA,2023-05-31,13:10:10
15m1ug3,20504,jve25fd,NTA,2023-08-09,02:09:17
175g9ce,20354,k4fhmz2,NTA,2023-10-11,15:07:19
1biqbup,21291,kvm5g77,NTA,2024-03-19,17:45:11
14mx3xd,20215,jq44f1y,NTA,2023-06-30,10:54:06
151y6zh,20490,jsaxl3v,NTA,2023-07-17,10:32:50
15gfupn,20497,juii5zo,NTA,2023-08-02,17:57:36
15li1l2,20129,jvaqj5n,NTA,2023-08-08,13:20:04
17cfovt,20163,k5pndh0,NTA,2023-10-20,16:44:46
139um6c,20006,jj3vcjl,YTA,2023-05-06,16:25:37
13z8fhf,19979,jmq52v4,NTA,2023-06-03,10:21:41
13tq6qn,19588,jlwi47p,NTA,2023-05-28,03:25:54
17g2iv7,20001,k6elmj4,NTA,2023-10-25,11:25:53
17y5dmp,20011,k9rbbti,NTA,2023-11-18,12:23:38
15hlqca,19576,jupeyh1,NTA,2023-08-04,01:00:54
14gzlfy,19529,jp84d66,NTA,2023-06-23,14:10:44
15o60dq,19674,jvq187v,NTA,2023-08-11,11:12:50
15qol0m,19554,jw466eg,NTA,2023-08-14,08:19:11
1827203,19514,kagucm1,NTA,2023-11-23,18:01:31
155ud52,19248,jswcmto,NTA,2023-07-21,17:25:26
14urh2j,19443,jr91f4z,NTA,2023-07-09,06:52:50
16rpqir,19337,k24hh9a,NTA,2023-09-25,11:44:13
169isdr,18960,jz24bfl,NTA,2023-09-04,05:09:37
15pzlkm,19159,jw05kxi,YTA,2023-08-13,13:57:55
12cyp5n,18851,jf3vq34,NTA,2023-04-05,21:33:05
1398jry,18711,jj1goce,NTA,2023-05-06,01:55:11
156dhge,18714,jsz1i5q,NTA,2023-07-22,07:35:35
15bx1cg,18747,jtst6t8,NTA,2023-07-28,13:09:25
12kbec8,18706,jg209eg,NTA,2023-04-13,04:10:42
16j0o5s,18636,k0nd4y3,NTA,2023-09-15,02:01:00
17st3dt,18691,k8rxqsu,NTA,2023-11-11,12:08:24
14vajob,18703,jrbvryq,NTA,2023-07-09,21:34:37
15ltxyl,18635,jvcyle7,NTA,2023-08-08,20:48:48
15fkawc,18537,judjynq,NTA,2023-08-01,18:16:24
14hi5ha,18575,jpc4j0d,YTA,2023-06-24,03:27:36
18f5d7p,18454,kcrvsbl,NTA,2023-12-10,14:58:41
12il0pe,18578,jftvpnq,NTA,2023-04-11,14:09:19
12gjecm,18520,jfkgsam,NTA,2023-04-09,13:25:38
16xl9me,18505,k361dr5,NTA,2023-10-02,02:55:29
13tzwtx,18436,jly6p2m,NTA,2023-05-28,13:00:40
13ojemu,18426,jl4nl2c,NTA,2023-05-22,07:09:31
18wm91f,18489,kfylv47,NTA,2024-01-02,10:20:59
140w67v,18322,jmxif0a,NTA,2023-06-05,00:30:38
1470djd,18248,jnt1nnb,NTA,2023-06-11,17:52:30
174t517,18261,k4bcs90,NTA,2023-10-10,19:02:27
18mbv9j,18392,ke37um2,NTA,2023-12-19,20:38:33
13prznw,18162,jlay2le,NTA,2023-05-23,15:36:55
14birj1,18021,jofwa1s,NTA,2023-06-17,05:50:51
14w1g3y,18035,jrflj07,NTA,2023-07-10,18:07:14
16nauu1,17682,k1dcep2,NTA,2023-09-20,03:28:22
176y56i,17652,k4pci9m,NTA,2023-10-13,12:57:24
15p1hfs,17620,jvuwo5f,NTA,2023-08-12,10:51:44
14h7bi4,17879,jp9f4a2,NTA,2023-06-23,19:25:44
15yqqth,17869,jxd2emb,YTA,2023-08-23,02:33:50
173rk9a,17982,k44mnhw,NTA,2023-10-09,13:16:41
13u7v0w,17544,jlz6j2l,NTA,2023-05-28,18:46:28
14gy8ir,17600,jpb7agb,YTA,2023-06-23,13:12:13
13k6w5s,17575,jkiq2f7,NTA,2023-05-17,16:36:28
12k3w80,17460,jg0zias,NTA,2023-04-12,23:33:38
14gbm9u,17304,jp4kwyc,NTA,2023-06-22,18:54:14
15243zt,17438,jsbs4ha,NTA,2023-07-17,14:51:09
153ge6i,17303,jsj7g09,NTA,2023-07-19,01:10:48
1bd38zh,17591,kujwr07,NTA,2024-03-12,17:37:17
15felns,17316,jucpdxy,NTA,2023-08-01,14:44:18
17zxj1m,17315,ka27qyn,NTA,2023-11-20,20:04:54
15eiscs,17165,ju7xnxt,NTA,2023-07-31,15:08:29
14levev,17217,jpvv590,YTA,2023-06-28,16:59:35
167f1jx,17107,jypdkd6,NTA,2023-09-01,18:32:23
14puv66,17100,jqk1u71,NTA,2023-07-03,21:06:34
154spyr,17082,jsqp9tv,NTA,2023-07-20,14:37:52
1574lbc,17152,jt32hlf,NTA,2023-07-23,04:12:53
1azovqu,17023,ks2i0ps,NTA,2024-02-25,14:14:24
15rvv1a,16922,jwausvl,NTA,2023-08-15,15:28:37
17o47it,16948,k7vzwr6,NTA,2023-11-05,04:23:15
15n06mn,16879,jvjdmb7,YTA,2023-08-10,03:00:44
15vll8d,16834,jwvtbnd,NTA,2023-08-19,17:05:24
17fajuo,16823,k68pgp4,NTA,2023-10-24,11:29:19
16wyyfv,16765,k2zkt4r,NTA,2023-10-01,11:42:02
14zc8k7,16684,jrx0czu,NTA,2023-07-14,10:00:27
15a8ue3,16811,jtjayb7,YTA,2023-07-26,15:26:38
145zxmd,16635,jnnlx42,NTA,2023-06-10,13:10:59
15dtzto,16634,ju418y1,NTA,2023-07-30,19:26:31
12wicg4,16630,jhex6kx,ESH,2023-04-23,17:05:35
19c7cei,16634,kiwppq4,NTA,2024-01-21,16:37:10
1azuh10,16689,ks3tejg,NTA,2024-02-25,18:08:44
12ks6e1,16547,jg3pxml,NTA,2023-04-13,15:04:23
17nqgbm,16472,k7taklh,NTA,2023-11-04,17:21:12
16i10qu,16418,k0h1vk3,NTA,2023-09-13,22:29:38
12kobi3,16463,jg3be90,NTA,2023-04-13,12:58:44
1382fcx,16715,jiw65lp,NTA,2023-05-04,22:37:18
152x6q5,16365,jsgjgu7,YTA,2023-07-18,12:30:47
13xzr5m,16238,jmk876u,NTA,2023-06-02,01:43:53
16c9uz7,16277,jzhzggf,NTA,2023-09-07,07:55:53
138vxuu,16149,jizvscn,NTA,2023-05-05,17:44:30
165e80v,16178,jydcmrp,NTA,2023-08-30,13:05:57
15p64ts,16169,jvwda1a,NTA,2023-08-12,14:32:22
15x2q0d,16124,jx40lzz,NAH,2023-08-21,09:35:59
167chip,16123,jyowfeu,NTA,2023-09-01,16:53:36
181au2s,16057,kab4wjy,NTA,2023-11-22,14:51:03
14sme7v,16026,jqy0qvo,NTA,2023-07-06,21:27:22
14y52kj,16063,jrqr8m3,NTA,2023-07-13,00:01:59
15sv7z8,15916,jwgdel3,NTA,2023-08-16,16:50:16
16p8dfk,16038,k1pa4ng,NTA,2023-09-22,11:57:04
14hwttm,16001,jpd3xuz,NTA,2023-06-24,16:13:07
18hhl9n,16023,kd6j1rn,NTA,2023-12-13,14:08:56
17klroc,16018,k78dbjb,NAH,2023-10-31,14:02:30
1327x9s,15892,ji3kupw,NTA,2023-04-28,19:52:07
16tbhwl,15803,k2e70ru,NTA,2023-09-27,05:06:36
14f03ai,15919,joxnzha,YTA,2023-06-21,06:52:54
13lujjo,15880,jkrpjfo,NTA,2023-05-19,12:49:06
16121g1,15848,jxpexvf,NTA,2023-08-25,15:13:55
16vgybk,15689,k2qwzkh,NTA,2023-09-29,16:56:45
172fp5c,15688,k3wdh8y,NTA,2023-10-07,20:14:27
17idfnz,15629,k6te3gn,NTA,2023-10-28,13:08:52
15uyucz,15594,jwsoc4g,NTA,2023-08-18,22:44:44
15hz00x,15466,jur7w1j,NTA,2023-08-04,12:39:47
18sg0fn,15454,kf7h9hp,NTA,2023-12-28,00:28:57
14kf0q0,15536,jpq3x0u,YTA,2023-06-27,14:18:37
15q83d4,15552,jw1obx9,NTA,2023-08-13,19:39:52
1450tj0,15407,jnihp12,NTA,2023-06-09,09:46:58
15tqs1u,15466,jwl7uiq,NTA,2023-08-17,15:28:25
17k0v67,15425,k74pnjo,NTA,2023-10-30,19:03:12
131vkar,15331,ji29p45,NTA,2023-04-28,14:58:33
1ao6x98,15399,kpx7jhk,NTA,2024-02-11,12:31:08
17pahyg,15219,k83xmeo,NTA,2023-11-06,19:15:45
154uy67,15200,jsqyjm5,NTA,2023-07-20,15:59:42
1b1cc0e,15320,ksdn1tr,NTA,2024-02-27,13:51:45
13ri4hm,15235,jlkf5sc,NTA,2023-05-25,13:40:54
15ygimy,15183,jxbg585,YTA,2023-08-22,19:51:02
18yjla9,15308,kgbd5vk,NTA,2024-01-04,18:08:53
16rgkhw,15171,k23a2we,NTA,2023-09-25,02:54:41
14tdadb,14998,jr1u98n,NTA,2023-07-07,17:14:49
14ws8s2,15059,jrjeak2,NTA,2023-07-11,14:00:48
13fw0vf,14933,jjx2ehn,NTA,2023-05-12,20:25:09
1aikru4,14811,kov2tkm,NTA,2024-02-04,10:14:14
134n8ef,14918,jifo6f9,ESH,2023-05-01,13:58:46
192ziqg,14971,kh5wt8t,NTA,2024-01-10,04:27:47
13ktf5n,14719,jkm3as0,NTA,2023-05-18,09:09:46
177c2tj,14672,k4s3qny,NTA,2023-10-13,23:39:05
157g2fk,14688,jt4j9nd,NTA,2023-07-23,14:20:48
174k4ed,14643,k4a4zjn,YTA,2023-10-10,12:37:43
1agotpu,14673,koimda2,NTA,2024-02-01,23:20:05
147d7x5,14425,jnuz25e,NTA,2023-06-12,03:00:37
15mq0n1,14613,jvhsv8u,NTA,2023-08-09,20:08:54
15jwtab,14593,jv285sr,NTA,2023-08-06,18:31:36
158fweh,14586,jt9q2dp,NTA,2023-07-24,16:44:29
1615syq,14570,jxqapeg,ESH,2023-08-25,17:37:25
12ro1g7,14544,jgv1rzr,NTA,2023-04-19,10:04:35
15z21bv,14456,jxeiwpy,NTA,2023-08-23,12:09:17
131m5we,14495,ji16zhv,NTA,2023-04-28,08:59:26
13y6dnv,14508,jml68pm,NTA,2023-06-02,07:55:49
15yruww,14396,jxdab7d,NTA,2023-08-23,03:25:02
14aw0cn,14396,joearuh,NTA,2023-06-16,12:49:05
16inhb6,14450,k0lfzxx,YTA,2023-09-14,16:51:27
14f887k,14380,joynsjl,NTA,2023-06-21,13:47:52
1bnf7pa,14746,kwhvit3,NTA,2024-03-25,14:35:17
14iufuf,14363,jpi7ra3,NTA,2023-06-25,19:11:27
169zyxo,14219,jz4nmeo,NTA,2023-09-04,18:35:40
17aqxfy,14348,k5efeqp,NTA,2023-10-18,13:33:32
15owkg3,14150,jvu9in9,NTA,2023-08-12,06:09:34
12g4l0g,14242,jfiszng,NTA,2023-04-09,01:20:19
14f2ur6,14144,joy8t3k,NTA,2023-06-21,09:28:08
15vt3i0,14112,jwx3xev,NTA,2023-08-19,22:06:06
17qljsa,14135,k8ctdj2,NTA,2023-11-08,13:23:18
18lh219,14120,kdxog7y,NTA,2023-12-18,19:22:43
16ek8u3,14028,jzvue05,ESH,2023-09-09,23:24:40
13ybw7t,14083,jmlvrca,NTA,2023-06-02,12:51:20
165m05k,14055,jyeqvbw,NTA,2023-08-30,18:05:34
1326q8f,14011,ji3cj13,NTA,2023-04-28,19:04:08
1537eut,13946,jshub5u,YTA,2023-07-18,19:12:46
19es8o9,14005,kjeul83,NTA,2024-01-24,21:44:41
15l42nk,14029,jv8yfsx,YTA,2023-08-08,01:49:14
14bymzt,14010,joi0pgc,NTA,2023-06-17,18:52:31
15i8s5o,13940,jusus4v,NTA,2023-08-04,19:07:08
179wpkj,13933,k58yo37,NTA,2023-10-17,12:00:20
144ap40,13897,jneqxq5,NTA,2023-06-08,14:24:26
13qulq3,13905,jlgsibu,NTA,2023-05-24,19:08:43
139058c,13863,jj0c9e4,NTA,2023-05-05,20:20:46
12hr2ai,13869,jfq5y6v,NTA,2023-04-10,18:15:41
16tu3do,13822,k2h9028,YTA,2023-09-27,19:49:59
177wk7p,13835,k4vq4un,NTA,2023-10-14,19:05:15
182h5gs,13849,kaipcqj,NTA,2023-11-24,02:16:24
15moxk1,13818,jvhk255,NTA,2023-08-09,19:28:45
155bc4z,13803,jsthl7j,NTA,2023-07-21,02:51:15
179zdme,13763,k59h0pn,NTA,2023-10-17,14:16:03
18j5z07,13814,kdhz9be,NTA,2023-12-15,17:55:33
14cafm4,13759,jojs7in,NTA,2023-06-18,04:01:37
14dwys8,13752,jos18t7,YTA,2023-06-20,01:23:46
146sj0r,13752,jns6g47,NTA,2023-06-11,12:19:01
15w7o31,13704,jwzbgzm,NTA,2023-08-20,10:13:43
15nij3x,13720,jvmdfnj,NTA,2023-08-10,17:22:10
14xpivg,13731,jro6xlj,NTA,2023-07-12,14:04:53
15uiwe7,13692,jwpxcrg,ESH,2023-08-18,12:13:29
166r41q,13650,jylgucr,NTA,2023-08-31,23:46:30
1an6xic,13663,kpqnqra,NTA,2024-02-10,03:35:24
12sh43e,13606,jgyrmaz,NTA,2023-04-20,01:18:41
16d8wh3,13600,jznz0ui,NTA,2023-09-08,12:11:08
12dqx11,13591,jf7t825,NTA,2023-04-06,17:12:27
15brtqa,13590,jts3n3d,NTA,2023-07-28,08:49:06
17g8yrc,13595,k6f7s98,NTA,2023-10-25,16:36:03
166a9f3,13578,jyij4hs,NTA,2023-08-31,12:48:47
12yy3pw,13576,jhpo6jr,YTA,2023-04-25,22:22:15
14dtgdo,13528,jorlzx1,NTA,2023-06-19,22:51:57
176fanj,13530,k4lz6hv,NTA,2023-10-12,19:31:22
13420t3,13501,jicl05i,NTA,2023-04-30,20:24:56
1b2kw13,13522,ksmc4yp,NTA,2024-02-28,23:20:25
1588w40,13514,jt8pf8o,YTA,2023-07-24,12:10:33
17uca8k,13553,k92ohob,NTA,2023-11-13,14:51:17
13v0cum,13442,jm3ar3p,NTA,2023-05-29,16:59:50
14t7dv0,13456,jr0t8mi,NTA,2023-07-07,13:29:15
15kn4l3,13401,jv6848p,NTA,2023-08-07,14:59:45
147eepq,13367,jnw3z2h,N/A,2023-06-12,04:04:00
15ryj13,13374,jwb6tau,NTA,2023-08-15,17:10:30
13vb50g,13359,jm5l6i1,NTA,2023-05-30,00:19:44
1b4w9fe,13321,kvr3i4m,NTA,2024-03-02,19:20:29
138tiwb,13334,jizawtm,NTA,2023-05-05,16:17:36
16mtliw,13178,k1a7kjv,NTA,2023-09-19,15:10:07
13ievu5,13278,jk9fd6v,NTA,2023-05-15,17:43:28
1af0v6p,13396,kkbqkq6,NTA,2024-01-30,22:06:44
15d6epr,13368,ju0w86r,YTA,2023-07-29,23:39:22
18b4z6p,13288,kc2c8qv,NTA,2023-12-05,05:38:35
15ru510,13169,jwamrxl,NTA,2023-08-15,14:22:13
16swwi9,13102,k2bpqpw,NTA,2023-09-26,19:10:47
13vm1cv,13103,jm6n3gb,NTA,2023-05-30,10:00:59
1al1v92,13126,kpbnh8v,NTA,2024-02-07,12:32:01
162yac4,13121,jxzqu1s,YTA,2023-08-27,18:38:43
1347bo7,13093,jidf5xr,YTA,2023-05-01,00:10:38
1aezaeh,13166,kkbdtnq,NTA,2024-01-30,21:03:18
13ct0vf,13017,jjh7ki0,NTA,2023-05-09,14:47:35
14n0psi,13049,jq4nzr3,NAH,2023-06-30,13:39:41
15fklj7,13032,juept3q,NTA,2023-08-01,18:27:47
14joaws,13055,jpmbal8,NTA,2023-06-26,17:57:34
14emr3c,12898,jovrlm5,NTA,2023-06-20,20:48:56
17vutbl,12937,k9d041a,NTA,2023-11-15,14:28:44
12zku7a,12967,jhsqw25,NTA,2023-04-26,15:26:16
15jo462,12995,jv0snnr,NTA,2023-08-06,12:12:09
13pqueo,12898,jlarn9d,NTA,2023-05-23,14:54:16
13uxvtd,12810,jm2xu53,NTA,2023-05-29,15:24:07
1awsqk5,12827,krjdryk,NTA,2024-02-22,00:42:56
15hc489,12846,junu57x,YTA,2023-08-03,18:37:55
13dsncu,12805,jjlyz2i,YTA,2023-05-10,14:39:39
13jommf,12792,jkg8xe8,NTA,2023-05-17,02:22:22
1bfgh0x,13001,kv06e2q,NTA,2024-03-15,15:21:30
162xeb0,12779,jxzltvm,YTA,2023-08-27,18:04:16
18l526u,12800,kdvhgmm,NTA,2023-12-18,09:51:57
13iprkz,12739,jkb22vz,NTA,2023-05-16,00:31:34
17oh2ec,12782,k7yddj5,NAH,2023-11-05,17:37:03
135jo8j,12742,jik0vmu,NTA,2023-05-02,12:24:59
13tgsx0,12731,jlv1nao,NTA,2023-05-27,20:05:17
17hjihf,12788,k6ns5se,NTA,2023-10-27,09:17:12
1bb8pp1,12836,ku7ml86,NTA,2024-03-10,11:59:07
18f27ok,12734,kcrbnzd,NTA,2023-12-10,12:06:20
18ye4hg,12686,kgaauq3,NTA,2024-01-04,14:13:19
14gf55p,12698,jp5ctw5,YTA,2023-06-22,21:10:02
14ac6cp,12695,jo9nij1,NTA,2023-06-15,20:17:01
12jc690,12680,jfxlm5w,NTA,2023-04-12,06:07:03
16ka136,12671,k0uiq8h,NTA,2023-09-16,15:16:56
18xr6e3,12702,kg6370m,NTA,2024-01-03,19:09:24
14yqnkk,12675,jru55o7,YTA,2023-07-13,17:17:21
17d5qyu,12671,k5uhlja,NTA,2023-10-21,15:58:55
17bljp2,12651,k5k3286,NTA,2023-10-19,15:15:12
13q2n1f,12594,jlh9jw9,NTA,2023-05-23,22:15:16
12qyzfj,12523,jgrypx1,YTA,2023-04-18,18:17:23
15vwnkc,12594,jwxqrme,NTA,2023-08-20,00:37:46
16fc78t,12601,k00vbpl,NTA,2023-09-10,21:23:30
1afl582,12702,koaxal9,NTA,2024-01-31,16:00:18
1ag4x9k,12487,koekod6,NTA,2024-02-01,06:53:44
1b9893v,13389,ktul6vg,NTA,2024-03-07,23:00:08
1854x02,12493,kazdvke,NTA,2023-11-27,15:00:54
15nhxbe,12500,jvlxsia,NTA,2023-08-10,16:59:25
16dcfjs,12441,jzohhiu,NTA,2023-09-08,14:42:31
17kcf03,12451,k76zm2b,ESH,2023-10-31,03:58:19
13qi0ic,12390,jlesv9y,NTA,2023-05-24,10:46:15
16wd0ez,12411,k2wc1sc,NTA,2023-09-30,17:44:30
13f8uon,12341,jjttlj1,NTA,2023-05-12,03:05:59
1atywpy,12366,kr0ie9b,NTA,2024-02-18,17:05:56
17g77c9,12265,k6es1yc,YTA,2023-10-25,15:19:28
13wlo9w,12290,jmc1yw6,ESH,2023-05-31,13:01:14
14kce5t,12259,jpppgl7,NTA,2023-06-27,12:27:51
15cir2e,12284,jtwjxaf,YTA,2023-07-29,04:25:31
16utj95,12251,k2n5m4r,NTA,2023-09-28,22:16:33
151j85k,12241,js9a75m,YTA,2023-07-16,22:10:00
1b1erbc,12272,ksedik9,NTA,2024-02-27,15:36:23
12qn66f,12225,jgqsje2,NTA,2023-04-18,13:30:41
14braec,12196,jogwljh,NTA,2023-06-17,13:33:53
14l8r7b,12174,jpvehld,NTA,2023-06-28,12:54:00
1905uij,12274,kgmac6s,NTA,2024-01-06,18:02:10
1aqfbnf,12165,kqckbdx,NTA,2024-02-14,05:27:28
149osil,12151,jo6c8bc,YTA,2023-06-15,01:13:21
15ek5hy,12174,ju87p2e,NTA,2023-07-31,16:01:48
1auoj67,12199,kr55pjb,NTA,2024-02-19,14:26:53
156yjnq,12091,jt23z1d,NTA,2023-07-22,23:21:18
12pw8zf,12111,jgnumse,NTA,2023-04-17,20:49:08
167zp6m,12079,jysluqv,NTA,2023-09-02,11:08:12
13qbrl5,12113,jle1dml,ESH,2023-05-24,05:02:30
12cmik8,12006,jf371bh,YTA,2023-04-05,14:39:24
1499qbf,12021,jo3ztq4,YTA,2023-06-14,14:45:00
140caq1,11994,jmuy9xx,NTA,2023-06-04,12:58:15
1be3glw,12162,kuqywit,NTA,2024-03-13,21:31:18
158qzmn,12035,jtbl15d,NTA,2023-07-24,23:35:50
161uyp7,11970,jxttkzn,NTA,2023-08-26,13:15:30
158haia,11987,jt9ysev,NTA,2023-07-24,17:35:08
13j9za1,12039,jke2s6l,NTA,2023-05-16,16:28:44
15jrkdu,11981,jv2k88t,YTA,2023-08-06,14:53:54
17pzgyb,11945,k8ay45s,NTA,2023-11-07,17:27:59
18nlf72,11920,kebdfqe,NTA,2023-12-21,12:00:05
15wk9bc,11888,jx1hs9g,NTA,2023-08-20,19:20:49
17hwni7,11888,k6qiwm7,NTA,2023-10-27,20:26:23
13wsq6e,11895,jmd7s4r,NTA,2023-05-31,17:37:24
12xv9s0,11915,jhkdu6x,YTA,2023-04-24,20:29:03
12il8sr,11859,jftxj9h,NTA,2023-04-11,14:17:26
14fhcla,11864,jp056vs,YTA,2023-06-21,19:46:26
156n9q2,11905,jt11iqs,NTA,2023-07-22,15:36:41
1b36qs7,11939,ksqcit0,NTA,2024-02-29,18:00:34
15mb8ih,11833,jvibtff,YTA,2023-08-09,10:18:33
16jqw93,11822,k0rhj91,NTA,2023-09-15,22:27:16
1516wd0,11768,js7699h,NTA,2023-07-16,13:55:14
15uh6rx,11785,jwpg22b,NTA,2023-08-18,10:52:20
17fc985,11705,k68ty2x,NTA,2023-10-24,13:01:24
17m3g2y,11771,k7i8qe7,NTA,2023-11-02,13:26:06
154ht5z,11812,jsoytoh,NTA,2023-07-20,05:21:30
15mnupx,11747,jvhaqtw,YTA,2023-08-09,18:47:52
17wmiss,11680,k9hwfjs,NTA,2023-11-16,13:11:28
181woct,11672,kaf4ieh,NTA,2023-11-23,08:32:44
1atxyxp,11745,kr0dp3l,NTA,2024-02-18,16:27:22
1bmhkfw,12334,kwbln48,NTA,2024-03-24,10:22:20
17u86yq,11648,k91x59r,NTA,2023-11-13,10:58:13
174cujt,11608,k48lhyb,NTA,2023-10-10,04:50:08
1913ylc,11754,kgsqy99,NTA,2024-01-07,22:02:35
13a76uv,11601,jj5ipxg,NTA,2023-05-07,00:24:41
167l2va,11560,jyqc9f9,NTA,2023-09-01,22:24:55
15olvi7,11628,jvsnha9,NTA,2023-08-11,21:51:06
13xl8ta,11590,jmhpo10,NTA,2023-06-01,15:55:21
12m7nsu,11590,jg9gubx,NTA,2023-04-14,18:30:47
14oxwis,11603,jqfd80q,NTA,2023-07-02,20:11:14
17mzl6c,11586,k7q6wso,YTA,2023-11-03,16:55:34
13p1s9t,11559,jl79hrp,NTA,2023-05-22,20:12:20
1bjybyc,11829,kvuiw3y,NTA,2024-03-21,04:38:09
174pgvq,11545,k4alt5p,NTA,2023-10-10,16:29:14
13afch6,11536,jj6m34e,NTA,2023-05-07,06:37:07
1acd371,11515,kjtcu07,NTA,2024-01-27,15:20:27
16dehhl,11510,jzprnv5,NTA,2023-09-08,16:02:46
17csk8t,11497,k5s35i6,NTA,2023-10-21,02:44:28
17jzdpl,11499,k74c7ck,NTA,2023-10-30,17:57:24
13xv94d,11525,jmjh81q,NTA,2023-06-01,22:22:35
1bsqzjy,12631,kxhg28w,NTA,2024-04-01,01:25:22
19846iq,11493,ki4n0a6,NTA,2024-01-16,14:30:55
15nq1f2,11421,jvne9uq,YTA,2023-08-10,22:08:39
163n8oz,11463,jy3dyr3,NTA,2023-08-28,14:14:14
13emsw5,11400,jjqi981,NTA,2023-05-11,13:02:48
147bxgs,11308,jnutdof,YTA,2023-06-12,01:55:26
17rgpgj,11385,k8iqupo,NTA,2023-11-09,16:24:06
13ubkpg,11387,jlztv9z,YTA,2023-05-28,21:24:00
1449typ,11367,jneb4gc,NTA,2023-06-08,13:49:47
198zett,11338,kianofy,NTA,2024-01-17,15:38:53
1524p9p,11377,jsbyv6e,YTA,2023-07-17,15:12:59
1955af7,11370,khks2s9,NTA,2024-01-12,20:44:19
15fpij6,11236,juee52f,NTA,2023-08-01,21:32:10
15ryjzd,11230,jwb6hst,NTA,2023-08-15,17:11:31
1ab5o1u,11272,kjlgwpo,NTA,2024-01-26,01:03:34
149zxsa,11319,jo7qrk9,ESH,2023-06-15,11:26:45
16tm1db,11186,k2fvua8,NTA,2023-09-27,14:25:44
16f4m6m,11155,jzzkley,NTA,2023-09-10,16:29:45
14tdw1n,11173,jr1zpbi,ESH,2023-07-07,17:37:52
17p5dya,11167,k834fim,NTA,2023-11-06,15:33:09
12t69zx,11150,jh16ibk,NTA,2023-04-20,16:05:44
15efyf5,11143,ju7a2qu,NTA,2023-07-31,13:16:39
15mjgcw,11141,jvgr6zu,NTA,2023-08-09,16:04:18
13j2v3g,11140,jkcr3o1,YTA,2023-05-16,11:46:29
1abrf2m,11157,kjpgfpu,NTA,2024-01-26,20:02:08
171coo1,11053,k3pzxft,NTA,2023-10-06,13:43:57
1axv82n,11129,krqktn3,NTA,2024-02-23,08:03:34
12h9kla,11097,jfo1e0y,NTA,2023-04-10,06:27:47
13vxkba,11106,jm8f4tz,NTA,2023-05-30,18:11:41
12cowlr,11078,jf2ee50,NTA,2023-04-05,15:59:26
1bhvqip,11300,kvgh01l,NTA,2024-03-18,17:00:14
1bv0y3s,15469,kxwdke0,NTA,2024-04-03,18:58:36
13nj4b6,11012,jkzrac2,NTA,2023-05-21,04:44:21
17ik41n,11039,k6ut9ed,NTA,2023-10-28,18:40:49
13a8ff8,10995,jj5syv9,NTA,2023-05-07,01:18:50
13oo15w,11016,jl55ydz,NTA,2023-05-22,11:19:10
15srss3,11014,jwfstom,NTA,2023-08-16,14:42:47
18bq4pd,10986,kc5ted5,NTA,2023-12-05,23:43:25
18a2f23,11004,kbuzuf7,NTA,2023-12-03,20:26:22
1b0fjsh,11009,ks7eo5f,NTA,2024-02-26,11:44:20
13jz63i,10979,jkhktbp,NTA,2023-05-17,11:35:38
17n931q,10991,k7q7600,YTA,2023-11-04,00:09:26
130jy73,10940,jhwrvxc,NTA,2023-04-27,12:06:14
16ifagp,10975,k0j9cyv,NTA,2023-09-14,10:55:43
16vxcow,10924,k2tmsqq,NTA,2023-09-30,04:22:56
14t6l04,10930,jr0ofld,NTA,2023-07-07,12:56:53
18i6ahb,10931,kdb3qmp,NTA,2023-12-14,11:06:21
132h6ce,10924,ji539md,NTA,2023-04-29,02:42:10
1b9lguu,10975,ktwh6gp,NTA,2024-03-08,11:03:26
15w6tsx,10911,jwz8nh9,NTA,2023-08-20,09:26:32
17yv86a,10939,k9voioc,YTA,2023-11-19,11:30:16
12erlng,10907,jfc8ei0,NTA,2023-04-07,16:53:19
1519gsx,10892,js7agu8,NTA,2023-07-16,15:43:23
12yjcog,10902,jhnfsr8,NTA,2023-04-25,13:24:25
16pd365,10883,k1q6pto,NTA,2023-09-22,15:21:00
16hkugt,10884,k0e57tp,NTA,2023-09-13,11:44:54
13l6faf,10881,jko0xcl,NTA,2023-05-18,18:15:01
139z74r,10866,jj4i23u,NTA,2023-05-06,19:13:25
17azbxc,10864,k5g4hdp,NTA,2023-10-18,19:38:10
18m3xgr,10875,ke1lijn,NTA,2023-12-19,15:02:23
17xk7iq,10816,k9ntwyx,NTA,2023-11-17,17:27:42
12vqurx,10842,jhcburz,YTA,2023-04-23,01:32:35
15g0vno,10821,jugckoy,NTA,2023-08-02,06:22:45
137z1vl,10797,jivmlte,NTA,2023-05-04,20:32:35
172se3a,10731,k3yirmd,NTA,2023-10-08,06:44:56
17mxqds,10784,k7nzo2a,NTA,2023-11-03,15:33:19
18fmy6j,10775,kcv9gc0,NTA,2023-12-11,05:10:49
12l75fo,10743,jg5h59r,NTA,2023-04-13,21:54:06
158wds8,10737,jtcac10,NTA,2023-07-25,03:29:43
12woda2,10738,jhfprzb,YTA,2023-04-23,20:08:56
143oyb6,10710,jnbep0z,NTA,2023-06-07,21:03:48
17m17l9,10709,k7hqw7g,NTA,2023-11-02,11:18:32
12jpm4c,10680,jfz4nid,YTA,2023-04-12,15:25:08
14wyucs,10691,jrkdkho,NTA,2023-07-11,18:11:42
18d19q5,10576,kcecm4h,NTA,2023-12-07,17:55:08
14fg0vu,10652,jozwfrc,NAH,2023-06-21,18:52:49
1742a0n,10655,k46lwle,YTA,2023-10-09,20:35:05
14jekxi,10660,jpkt01u,NTA,2023-06-26,11:20:46
166b9mo,10646,jyio3jh,NTA,2023-08-31,13:31:24
182hegb,10594,kaip39r,NTA,2023-11-24,02:29:59
15i2th9,10642,jurtm30,NTA,2023-08-04,15:17:16
17h6mrq,10611,k6lfuv5,NTA,2023-10-26,21:04:41
14kebm7,10579,jpq0hf6,NTA,2023-06-27,13:50:09
13d3mj9,10597,jjighfz,NTA,2023-05-09,19:37:18
15s3eaa,10568,jwc2fge,NTA,2023-08-15,20:03:50
192ahbh,10540,kh14x2l,NTA,2024-01-09,09:03:10
13lzpoq,10509,jksfshy,NTA,2023-05-19,16:01:43
13pivs8,10551,jl9ojre,NTA,2023-05-23,08:57:05
16yqn1j,10535,k3a6gfx,NTA,2023-10-03,12:30:28
17xante,10510,k9m8j3w,NTA,2023-11-17,08:36:47
165j1i4,10467,jye61lc,NTA,2023-08-30,16:13:34
1778cxj,10500,k4rb6u4,NTA,2023-10-13,20:49:46
17h74bo,10458,k6lljip,NTA,2023-10-26,21:25:30
13odm9y,10448,jl3w3rc,NTA,2023-05-22,02:19:06
17q0sb1,10459,k88ys9q,NTA,2023-11-07,18:25:33
15yd4d4,10361,jxay9rd,NTA,2023-08-22,17:49:51
15peoew,10444,jvx2kmh,NTA,2023-08-12,20:27:34
184j1aa,10332,kavmbha,NTA,2023-11-26,19:50:06
1b68e8t,10426,kta6sjx,NTA,2024-03-04,11:11:13
12i24hk,10338,jfv9km1,NTA,2023-04-11,00:25:55
14nw7s8,10307,jq9ko6n,YTA,2023-07-01,14:16:12
13wxn28,10323,jme6sf1,YTA,2023-05-31,20:50:29
16362zh,10268,jy0xtri,YTA,2023-08-27,23:45:13
17qskg8,10279,k8fh44v,YTA,2023-11-08,18:50:13
16cxfic,10302,jzm6r2j,NTA,2023-09-08,01:52:32
14v0jn1,10254,jra9o1k,NTA,2023-07-09,14:53:38
16dyk32,10235,jzskifg,NTA,2023-09-09,06:36:42
16oew5g,10249,k1k2eu7,NTA,2023-09-21,12:40:22
12kvlr6,10263,jg47d9f,YTA,2023-04-13,16:57:04
1bfldcu,10383,kv17d2g,NTA,2024-03-15,18:51:09
15z9sk6,10230,jxm1zy9,ESH,2023-08-23,17:03:16
1985vkt,10239,ki555xh,NTA,2024-01-16,15:44:17
150ahvz,10226,js247hi,NTA,2023-07-15,12:13:38
13zw4q2,10215,jmt6ozi,NTA,2023-06-04,01:08:59
1axyiau,10226,krr52uy,NTA,2024-02-23,11:44:52
12xgkvo,10188,jhis1cl,NTA,2023-04-24,13:54:04
16wdyyh,10191,k2wh806,NAH,2023-09-30,18:23:56
17gwmqv,10180,k6jilik,NTA,2023-10-26,13:32:58
13vtat0,10162,jm7p3xm,NTA,2023-05-30,15:26:29
16r25ml,10185,k20hc3l,NTA,2023-09-24,16:36:21
15jro89,10152,jv1cxzu,NTA,2023-08-06,14:58:42
16uzorz,10176,k2o8vng,NTA,2023-09-29,02:36:34
1bpviga,10474,kwyd5v0,NTA,2024-03-28,13:22:36
17li8uh,10155,k7eg7bw,NTA,2023-11-01,18:05:43
15x7p2o,10129,jx4wo62,YTA,2023-08-21,13:28:08
12i5ul6,10109,jfs5waj,NTA,2023-04-11,02:46:58
169bc2f,10028,jz0ox4t,NTA,2023-09-03,23:07:55
170ug3d,10101,k3n39t1,NTA,2023-10-05,21:48:19
13m4s10,10036,jkt878q,NTA,2023-05-19,19:09:37
1avsq1r,10083,krcql47,NTA,2024-02-20,21:00:37
1bsepcq,10576,kxf4len,NTA,2024-03-31,16:38:59
17wldn3,10009,k9hpl7p,NTA,2023-11-16,12:11:03
16r4c26,10043,k20wsg3,YTA,2023-09-24,18:05:31
1bk96a9,10155,kvwg5mc,NTA,2024-03-21,15:25:53
18domcm,9849,kciaw1p,NTA,2023-12-08,14:58:51
164qh3x,9969,jy9nckj,NTA,2023-08-29,18:38:10
12nozcp,9987,jgfea8m,NTA,2023-04-16,00:44:26
13wnvco,9971,jmcdwe1,NTA,2023-05-31,14:31:25
17zdr82,9945,k9ywzmo,NTA,2023-11-20,02:15:30
13eemgb,9945,jjpjxy5,NTA,2023-05-11,06:04:11
1b8tpch,11102,ktrc3on,YTA,2024-03-07,12:41:34
14xu103,9921,jrowipn,YTA,2023-07-12,16:52:19
1bh68mk,10072,kvbrs8g,NTA,2024-03-17,19:30:32
15j62wi,9935,juy1brt,NTA,2023-08-05,20:39:22
147cs9v,9855,jnux3ay,NTA,2023-06-12,02:38:06
14oyzgx,9920,jqfs4vx,NTA,2023-07-02,20:55:21
139jd3m,9925,jj2p8t0,NTA,2023-05-06,10:44:04
14mb00g,9919,jq0wtsg,NTA,2023-06-29,17:29:20
15i5ump,9907,juuenu2,YTA,2023-08-04,17:12:42
15458w1,9892,jsmzves,NTA,2023-07-19,20:00:28
12zha3f,9845,jhs5xsl,NTA,2023-04-26,13:17:21
169zuvy,9886,jz4oo75,NAH,2023-09-04,18:31:35
16mqaj5,9869,k19mg7y,NTA,2023-09-19,12:57:00
15pmdcs,9897,jvycqhe,YTA,2023-08-13,02:02:46
12wpz6i,9863,jhfvlz2,NTA,2023-04-23,20:59:58
13azdun,9839,jj8r5nc,NTA,2023-05-07,18:59:09
18xkq8b,9849,kg4xsb6,NTA,2024-01-03,14:31:17
15tw0mv,9840,jwm4t2l,YTA,2023-08-17,18:46:58
1bta1zb,10465,kxkq3qu,NTA,2024-04-01,17:35:50
1avdk1b,9826,kr9tz40,NTA,2024-02-20,09:22:15
1be1sq1,9920,kuqebfn,NTA,2024-03-13,20:25:41
12mxt6w,9817,jgccbg9,NTA,2023-04-15,10:27:52
16rb5mt,9808,k22b17w,NTA,2023-09-24,22:41:08
1475jgl,9791,jntzt14,YTA,2023-06-11,21:12:50
13l6ysq,9797,jko4gg6,NTA,2023-05-18,18:35:01
13i427k,9813,jk80cit,ESH,2023-05-15,10:15:17
14sq70q,9765,jqyur9v,NTA,2023-07-06,23:52:50
17jtel5,9793,k736sl4,NTA,2023-10-30,13:29:01
16v553b,9756,k2p3cmx,NTA,2023-09-29,07:35:35
1bncn2b,9935,kwha150,NAH,2024-03-25,12:40:02
1471okw,9742,jnt98ms,NTA,2023-06-11,18:43:25
178k765,9742,k5027mr,YTA,2023-10-15,17:21:20
15dcgtl,9736,ju1dyr5,NTA,2023-07-30,04:45:14
13avqjt,9722,jj9nz3c,NTA,2023-05-07,16:43:24
1876lwe,9737,kbcmkal,NTA,2023-11-30,01:55:03
13djy5d,9733,jjkvcyr,NTA,2023-05-10,08:03:09
14io4h3,9723,jph1k7o,NTA,2023-06-25,14:48:40
13xigea,9729,jmhsplb,NTA,2023-06-01,14:04:02
16sezlq,9725,k291rlb,NTA,2023-09-26,05:26:07
1bfs9jt,10041,kv2lupm,NTA,2024-03-15,23:50:16
13if0kl,9710,jk9g9ck,NTA,2023-05-15,17:48:25
166vffn,9680,jym7bfc,NTA,2023-09-01,02:59:29
15dmy3m,9653,ju2umbu,NTA,2023-07-30,14:28:00
17blvce,9680,k5k48js,NTA,2023-10-19,15:29:28
14u1g9n,9648,jr54290,YTA,2023-07-08,11:15:47
17xbjas,9659,k9mbh17,NTA,2023-11-17,09:43:48
17vw0ll,9658,k9fbweu,YTA,2023-11-15,15:25:48
16yrll9,9661,k3a3qe3,NTA,2023-10-03,13:13:12
1avj4b4,9648,krardco,NTA,2024-02-20,14:36:50
12towpj,9634,jh3tsre,NTA,2023-04-21,03:26:49
12r0fxz,9633,jgs6evi,NTA,2023-04-18,19:03:28
165xcbd,9630,jygpsg5,NTA,2023-08-31,01:40:03
13zbw2s,9629,jmqvm34,ESH,2023-06-03,12:49:00
18ylgvy,9630,kgbnyis,NTA,2024-01-04,19:24:48
188ec6l,9570,kbk53xq,NTA,2023-12-01,15:16:19
135obri,9559,jiksb6x,NTA,2023-05-02,15:04:55
16rq6xm,9551,k24kk2l,NTA,2023-09-25,12:05:26
14jdzhp,9582,jpkp5r1,YTA,2023-06-26,10:50:01
14piq5f,9555,jqihp53,NTA,2023-07-03,13:14:27
1bgxzg5,9650,kva78p4,NTA,2024-03-17,13:49:48
14uye16,9627,jr9v455,NTA,2023-07-09,13:18:47
1bp3v1q,9731,kwt1awf,NTA,2024-03-27,14:54:58
1ap5vdy,9587,kq3zm65,NTA,2024-02-12,17:43:35
1awe5h3,9526,krgnpy7,NTA,2024-02-21,15:02:10
193ahzw,9540,kh7t1fj,NTA,2024-01-10,15:12:37
14mtj05,9535,jq3omhm,NTA,2023-06-30,07:28:25
16hg0qe,9449,k0djh5b,NTA,2023-09-13,07:01:14
15jh0mt,9444,juzug29,NTA,2023-08-06,05:13:01
1az20cg,9524,kryfd17,NTA,2024-02-24,18:47:00
132hsap,9462,ji55ejc,NTA,2023-04-29,03:13:30
15u9xj0,9495,jwognmw,NTA,2023-08-18,04:17:58
1bc6gzq,9500,kufpjbn,NTA,2024-03-11,15:54:46
1555fn8,9440,jsslegq,ESH,2023-07-20,22:29:57
16qh017,9431,k1xk3ve,YTA,2023-09-23,22:19:48
17g3thm,9397,k6dxwmo,NTA,2023-10-25,12:39:52
16l0bed,9422,k0zblwd,NTA,2023-09-17,13:11:35
180ahbm,9400,ka4ujsn,NTA,2023-11-21,06:24:02
17eq7eb,9424,k64uzog,ESH,2023-10-23,17:38:42
17qcwjp,9387,k8bafnr,NTA,2023-11-08,03:37:07
13v30qo,9395,jm3qv22,NTA,2023-05-29,18:46:16
144u0s6,9361,jnhojwi,NTA,2023-06-09,03:30:30
1aoy5mr,9354,kq2jy65,NTA,2024-02-12,11:44:58
146s2mz,9366,jnrr4zs,NTA,2023-06-11,11:55:31
1834tvx,9336,kamnozl,NTA,2023-11-24,23:05:22
1596zai,9325,jtdkgfh,NTA,2023-07-25,12:22:40
142qm32,9335,jn5uh4v,NTA,2023-06-06,19:24:27
1948eo9,9348,khed4ah,NTA,2024-01-11,18:17:35
1bjdw0a,9435,kvqguq5,NTA,2024-03-20,13:49:22
17a6k6v,9319,k5azdae,NTA,2023-10-17,19:33:03
13q3p8d,9305,jlctrex,NTA,2023-05-23,22:56:35
1b9lc5s,9338,ktwl1r2,YTA,2024-03-08,10:51:07
17j12bt,9299,k6xvuk7,NTA,2023-10-29,11:35:48
14glbzd,9300,jp66a3j,NTA,2023-06-23,01:37:54
13y0cyf,9291,jmk9gp0,NTA,2023-06-02,02:13:18
133step,9285,jib1vxu,NTA,2023-04-30,14:03:34
134yq24,9282,jih05n9,NTA,2023-05-01,19:26:35
16ay92s,9285,jza42fi,NTA,2023-09-05,19:55:29
15cqagj,9373,jtxjqae,NTA,2023-07-29,11:45:12
1bewjco,9361,kuwe9xt,NTA,2024-03-14,21:26:07
13tggcv,9384,jlv6x0c,NTA,2023-05-27,19:49:53
14qn5ia,9389,jqnx7oj,NTA,2023-07-04,18:35:49
179hwwh,9389,k56kt59,NTA,2023-10-16,21:53:43
179kxtd,9347,k56xwww,NTA,2023-10-17,00:09:11
13re0t3,9387,jljowbm,NTA,2023-05-25,10:28:37
14g1caq,9355,jp2yvk1,NTA,2023-06-22,11:47:16
16mcu3p,9273,k17j5a5,NTA,2023-09-19,00:52:51
16x8shl,9273,k318ziq,NTA,2023-10-01,18:31:26
14gyg0k,9267,jp7yr2j,NTA,2023-06-23,13:21:24
12kscdy,9238,jg3qb4o,NTA,2023-04-13,15:09:56
14rwnx4,9248,jquhssy,NTA,2023-07-06,03:33:22
142fjuo,9261,jn47vgy,NTA,2023-06-06,13:07:53
18z586g,9223,kgf6y1y,NTA,2024-01-05,11:57:26
16l4863,9215,k0zzht3,NTA,2023-09-17,15:53:54
14umc55,9225,jr8az72,NTA,2023-07-09,02:15:58
13ktjzn,9211,jkm5r88,NTA,2023-05-18,09:17:16
181ucci,9174,kaeo05a,NTA,2023-11-23,05:58:14
15yia3h,9171,jxbrmka,NTA,2023-08-22,20:54:33
154q89l,9202,jsq52g6,NTA,2023-07-20,12:58:08
18hjq3t,9184,kd73fif,ESH,2023-12-13,15:46:59
16u27hz,9151,k2ipddk,NTA,2023-09-28,01:11:52
17oprlx,9161,k804f6p,NTA,2023-11-06,00:07:21
16iraol,9153,k0lgqo8,NTA,2023-09-14,19:21:45
16iazil,9153,k0ioarz,NTA,2023-09-14,06:40:42
12in3fl,9160,jfu73uu,YTA,2023-04-11,15:18:08
14ohbnr,9140,jqdabkk,NTA,2023-07-02,06:45:25
1b21gte,9177,ksigb88,NTA,2024-02-28,08:51:46
13uetj5,9139,jm0a5bh,NTA,2023-05-28,23:44:11
15a5pa9,9143,jtiqm46,NTA,2023-07-26,13:20:00
1ajp1bb,9141,kp2g9tx,NTA,2024-02-05,19:23:57
18mofrv,9126,ke5gock,NTA,2023-12-20,06:56:13
17t28ie,9109,k8u5xib,NTA,2023-11-11,19:50:17
17ar8xs,9102,k5eqek1,NTA,2023-10-18,13:48:28
18xss9m,9164,kg6dsto,NTA,2024-01-03,20:13:00
12pu8zf,9118,jgnii4h,NTA,2023-04-17,19:45:49
15y9kx5,9096,jxaacup,NTA,2023-08-22,15:44:17
15w1ge8,9076,jwyic21,NTA,2023-08-20,04:32:48
1ax7koh,9105,krm3ssv,NAH,2024-02-22,14:22:51
177v3br,9080,k4vf2t3,NTA,2023-10-14,17:54:57
15uvkvr,9059,jws5spp,NTA,2023-08-18,20:36:39
162otas,9059,jxy9kqg,NTA,2023-08-27,12:12:58
15r3sx7,9049,jw6ju67,NTA,2023-08-14,19:06:28
13u35yu,9044,jlydyua,YTA,2023-05-28,15:30:19
15r72nt,9020,jw7200a,NTA,2023-08-14,21:06:03
13hdueo,9031,jk4nz2r,ESH,2023-05-14,14:35:34
1b6ryuy,9064,kte58y7,NTA,2024-03-05,01:01:28
1bk6jmi,9161,kvvxh5v,NTA,2024-03-21,13:29:05
13s5srs,9014,jlo4twk,NTA,2023-05-26,06:56:37
13d4hsv,9016,jjir6ty,YTA,2023-05-09,20:09:06
15ls36f,9012,jvcedg5,NTA,2023-08-08,19:39:56
13kvvyy,8982,jkmdhzd,NTA,2023-05-18,11:10:56
16v8u94,8998,k2pnqv8,NTA,2023-09-29,11:18:02
174tvs2,8987,k4bieni,NTA,2023-10-10,19:32:28
18gy5rr,8993,kd3pmjv,NTA,2023-12-12,22:13:29
169dqrm,8963,jz14s4o,NTA,2023-09-04,00:58:45
1auk1gw,8995,kr4hlem,NTA,2024-02-19,10:16:40
15dotxc,8968,ju33tou,NTA,2023-07-30,15:49:41
131n2s7,8964,ji1apbb,YTA,2023-04-28,09:50:39
16h2csx,8944,k0bxoa0,NTA,2023-09-12,20:38:04
14pr8eu,8954,jqjhu33,NTA,2023-07-03,18:44:21
14kouxn,8953,jprrcen,NTA,2023-06-27,20:41:06
17gii96,8934,k6gszq7,NTA,2023-10-25,23:29:03
185adw5,8950,kb0g8tv,YTA,2023-11-27,18:50:01
12dou6f,8907,jf7aybz,NTA,2023-04-06,16:03:54
12h3b8d,8913,jfnal23,YTA,2023-04-10,01:51:56
18r6zsl,8927,kezh91n,NTA,2023-12-26,12:20:55
1bp4anc,9105,kwt67l6,NTA,2024-03-27,15:13:07
15r8q7h,8903,jw7fgit,NTA,2023-08-14,22:06:12
12cpnah,8888,jf2kf2d,NTA,2023-04-05,16:23:11
1bt40uy,10157,kxjkf5j,NTA,2024-04-01,13:41:24
16ke307,8870,k0vccr3,NTA,2023-09-16,18:12:57
167inzm,8876,jypyl99,YTA,2023-09-01,20:49:44
12e4rvg,8878,jf9k99h,NTA,2023-04-07,01:18:08
12wwqmr,8876,jhgnmci,NTA,2023-04-24,00:42:51
1982aoy,8899,ki4ayp0,NTA,2024-01-16,12:56:59
13q2b8j,8876,jlcrq59,NTA,2023-05-23,22:02:28
16n7e2w,8868,k1ctlzi,NTA,2023-09-20,00:42:54
161y30l,8861,jxu7u7o,NTA,2023-08-26,15:24:16
140qdyr,8864,jmwr5it,NTA,2023-06-04,21:06:19
12m3evt,8834,jg94z0c,NTA,2023-04-14,16:46:46
15w09pe,8847,jwyd6s5,YTA,2023-08-20,03:32:39
14nsbfu,8838,jq9bjik,NTA,2023-07-01,11:03:05
17dq1ja,8823,k5y67kc,NTA,2023-10-22,10:11:47
1as8pm5,8870,kqoq5w4,NTA,2024-02-16,13:34:07
18113bb,8834,ka9hkuk,NTA,2023-11-22,04:47:41
1604kip,8817,jxkbrrh,NTA,2023-08-24,15:08:54
1629gnq,8803,jxw2zal,NTA,2023-08-26,22:57:03
13s9qoe,8805,jlomy69,NTA,2023-05-26,10:47:43
12m1sv5,8814,jg8t424,NTA,2023-04-14,15:54:54
1bqnf6b,8998,kx3o0rt,NTA,2024-03-29,11:55:25
13dt0tt,8795,jjlzk9y,NTA,2023-05-10,14:53:14
12nmauv,8785,jgf0goj,NTA,2023-04-15,23:08:56
1414vwr,8774,jmylm5q,NTA,2023-06-05,06:33:47
1466ctl,8784,jnp2o1c,NTA,2023-06-10,17:44:26
1bbyz4e,8842,kuceubo,NTA,2024-03-11,09:14:34
12pn052,8777,jgmkyzl,NTA,2023-04-17,16:04:09
15ix9up,8781,juwtrp9,NTA,2023-08-05,14:34:40
13pucfh,8777,jlbee9b,NTA,2023-05-23,17:03:55
12ud50l,8779,jh6b1qy,NTA,2023-04-21,18:14:19
14itr1n,8783,jphwoq8,NTA,2023-06-25,18:44:16
145hhb3,8769,jnl0pvs,NTA,2023-06-09,21:32:13
13gincc,8756,jk01pzu,NTA,2023-05-13,14:11:52
18ix3kr,8760,kdg4mvt,NTA,2023-12-15,10:26:43
16789nq,8755,jyo6yo6,NTA,2023-09-01,14:12:13
16se0yb,8755,k28qget,NTA,2023-09-26,04:33:08
12sj255,8751,jgz8mnp,YTA,2023-04-20,02:35:02
17pwipg,8742,k8818pp,NTA,2023-11-07,15:16:15
172qenp,8749,k3y8gos,NTA,2023-10-08,04:45:35
17x93vc,8731,k9mep08,NTA,2023-11-17,06:43:54
13xh2kb,8746,jmi19l1,NTA,2023-06-01,13:04:22
13jeki5,8741,jkemvj1,NTA,2023-05-16,19:23:37
15mh0tu,8735,jvgcvir,NTA,2023-08-09,14:32:38
16nqnyd,8737,k1fxs29,NTA,2023-09-20,17:08:29
17mdy0y,8711,k7kl789,NTA,2023-11-02,21:12:06
13e51hi,8727,jjnw5z0,NTA,2023-05-10,22:12:55
159gegi,8709,jtf4vhd,NTA,2023-07-25,18:19:02
15z5u8g,8700,jxf518j,NTA,2023-08-23,14:41:36
156huox,8707,jszlydu,NTA,2023-07-22,11:40:09
15na5kb,8709,jvko0fg,NTA,2023-08-10,11:44:10
18mb4kf,8689,ke2zvg7,NTA,2023-12-19,20:07:13
1bt6c24,9047,kxk6cl9,NTA,2024-04-01,15:14:17
16x0qx9,8685,k2ztj1a,NTA,2023-10-01,13:07:42
198ke93,8678,ki7z6pd,NTA,2024-01-17,01:39:28
13bnk06,8677,jjbtux5,NTA,2023-05-08,12:25:30
16gboda,8678,k06vafw,YTA,2023-09-11,23:52:40
13u8h7g,8677,jlz9w0y,NTA,2023-05-28,19:13:06
15gg7gm,8678,juiq3kf,NTA,2023-08-02,18:10:24
17c5nce,8660,k5nv0rk,NTA,2023-10-20,07:44:00
14y77zn,8657,jrr693v,NTA,2023-07-13,01:45:45
13wo6bs,8661,jmch77h,NTA,2023-05-31,14:44:04
17sd84g,8661,k8p2z8g,NTA,2023-11-10,20:39:25
12hk1cw,8647,jfp5khc,NTA,2023-04-10,14:13:05
14zq2vy,8660,jrz623m,YTA,2023-07-14,19:45:02
14ooqxr,8646,jqdr704,NTA,2023-07-02,13:47:25
15l5fmb,8632,jv95f2v,NTA,2023-08-08,02:50:50
12p8z5h,8636,jgl9qkp,NTA,2023-04-17,09:05:25
156v5cm,8630,jt1n8k4,NTA,2023-07-22,21:00:16
1acvghl,8640,kjx2nsd,NTA,2024-01-28,05:41:31
13of9vb,8611,jl49op2,NTA,2023-05-22,03:35:33
17ochwy,8627,k7xhrh5,NTA,2023-11-05,13:58:03
12g32os,8614,jfifns3,NTA,2023-04-09,00:12:52
1alu1mo,8620,kph1mm0,NTA,2024-02-08,11:56:25
19enkvz,8638,kjdyqwv,NTA,2024-01-24,18:36:20
13rlphd,8596,jlkxy42,NTA,2023-05-25,16:05:34
15n9ddd,8604,jvknw49,NTA,2023-08-10,11:06:17
18xxwt6,8612,kg79xya,NTA,2024-01-03,23:40:22
170ia41,8597,k3krhx4,NTA,2023-10-05,13:39:37
13ou89m,8579,jl66qgc,NTA,2023-05-22,15:34:11
12e8zjd,8564,jfa1kl8,YTA,2023-04-07,03:58:58
151zww6,8554,jsb7mu3,NTA,2023-07-17,11:58:44
15npdxq,8549,jvnfedj,YTA,2023-08-10,21:43:27
14mhim9,8551,jq1z827,NTA,2023-06-29,21:45:22
17u4wkp,8556,k91fluv,NTA,2023-11-13,06:45:56
17kkd03,8510,k786eme,NTA,2023-10-31,12:54:21
16gnwet,8512,k08nsl5,YTA,2023-09-12,10:38:52
1ayp33x,8538,krw6xhl,NTA,2024-02-24,07:52:37
14c9xem,8497,jojvb8t,NTA,2023-06-18,03:33:53
15ib0ku,8495,juta1gv,YTA,2023-08-04,20:32:54
14p2027,8487,jqfus5o,ESH,2023-07-02,23:01:53
15fq7vm,8481,jueieyo,NTA,2023-08-01,21:59:58
15ij7yt,8473,juuicck,NTA,2023-08-05,02:16:37
15sptmy,8485,jwfk2lb,ESH,2023-08-16,13:23:17
16co1at,8476,jzkhm3t,NTA,2023-09-07,19:35:32
13vpt4z,8470,jm74zye,NTA,2023-05-30,13:05:39
1ahqxdc,8468,kopnz9e,NTA,2024-02-03,07:52:06
14d2uj3,8462,jonwjpo,NAH,2023-06-19,03:06:25
13fpjsy,8439,jjw29fm,NTA,2023-05-12,16:16:05
14fgoah,8420,jp003kk,NTA,2023-06-21,19:20:32
18tkxla,8431,kfejma2,NTA,2023-12-29,11:19:46
17c0fue,8444,k5mxyo5,NAH,2023-10-20,02:22:16
15qe79r,8420,jw2md1m,YTA,2023-08-13,23:46:53
17imsdd,8410,k6vdwpw,NTA,2023-10-28,20:50:47
1at0e8d,8426,kqttwsw,NTA,2024-02-17,12:01:59
14usthg,8431,jr95y3r,NTA,2023-07-09,08:10:17
12ere9w,8406,jfc6oht,NTA,2023-04-07,16:46:47
1b6bp09,8421,ktardtn,NTA,2024-03-04,14:05:43
13z2cad,8402,jmplm9r,NTA,2023-06-03,05:41:19
17ub4cb,8422,k92hx9d,YTA,2023-11-13,13:54:12
14vc9yk,8399,jrc2opg,NTA,2023-07-09,22:44:39
155qo2z,8379,jsvjtne,NTA,2023-07-21,15:07:53
15ei2eb,8401,ju7w19a,YTA,2023-07-31,14:41:01
1857ar7,8375,kazxmsl,NTA,2023-11-27,16:44:39
12pfn68,8381,jgly0vn,NTA,2023-04-17,13:16:32
1b481pf,8400,ksx7mhu,NTA,2024-03-01,22:45:47
15a657l,8347,jtiw3li,NTA,2023-07-26,13:38:26
195de42,8318,khm7o4k,NTA,2024-01-13,02:41:33
18dy544,8288,kck5x6j,NTA,2023-12-08,22:12:27
16ujqpb,8344,k2le489,NTA,2023-09-28,15:56:19
16my6iw,8354,k1b2rak,NTA,2023-09-19,18:15:16
12jv7o3,8328,jfzuasc,NTA,2023-04-12,19:01:36
15qpt8y,8304,jw4a98j,NTA,2023-08-14,09:30:13
169suyf,8296,jz3ihpd,NTA,2023-09-04,14:03:40
12t92x3,8323,jh1j90n,NTA,2023-04-20,17:38:39
16351bt,8291,jy18oin,NTA,2023-08-27,23:01:24
14oxrsh,8286,jqf710b,NTA,2023-07-02,20:05:52
14jigic,8287,jplbayf,YTA,2023-06-26,14:13:05
13v4rq4,8261,jm44vsk,NTA,2023-05-29,19:56:09
18729yz,8242,kbbu3lh,NTA,2023-11-29,22:40:05
155rmmj,8278,jsvw0tx,YTA,2023-07-21,15:43:33
12oi77s,8243,jgi7pq7,NTA,2023-04-16,17:31:56
141bhma,8247,jmz67fx,NTA,2023-06-05,11:29:43
15ctvgh,8227,jty71j5,NTA,2023-07-29,14:37:24
16fxv48,8224,k04d86b,NTA,2023-09-11,15:13:36
18korh6,8227,kdsgokp,NTA,2023-12-17,19:16:20
15t3ol1,8210,jwhwbbl,YTA,2023-08-16,22:04:34
1755ua5,8211,k4dnuwy,NTA,2023-10-11,04:46:01
174tli8,8216,k4bftpb,NTA,2023-10-10,19:20:52
1792myw,8215,k53k4du,NTA,2023-10-16,10:12:57
1b8qap6,8236,ktqtasb,NTA,2024-03-07,09:14:57
14eqqla,8206,jowb7ji,NTA,2023-06-20,23:20:47
15ah2ap,8196,jtknfcc,NTA,2023-07-26,20:38:23
15h0lg5,8194,julpbl0,NTA,2023-08-03,10:40:48
147at0n,8149,jnum8lx,NTA,2023-06-12,01:00:54
17sbrpr,8188,k8oqtru,NTA,2023-11-10,19:31:37
1agluhg,8183,kohrm39,NTA,2024-02-01,21:14:41
16avjff,8194,jz9pp99,YTA,2023-09-05,18:11:18
16k68fe,8184,k0tzd1l,NTA,2023-09-16,12:22:41
197zih8,8225,ki3u0rr,NTA,2024-01-16,10:09:20
17vzt8h,8172,k9e343f,NTA,2023-11-15,18:14:35
141gzue,8142,jmztwel,NTA,2023-06-05,14:49:49
159b87z,8166,jte9sc0,YTA,2023-07-25,15:10:55
18kjgip,8165,kdrgqr4,NTA,2023-12-17,15:16:17
186dd6e,8194,kb7elbq,YTA,2023-11-29,01:43:15
13mbogh,8146,jkubdyn,NTA,2023-05-19,23:42:38
17hoiju,8127,k6p16p5,ESH,2023-10-27,14:15:04
1bdo6t4,8174,kunqhcs,NTA,2024-03-13,10:29:58
13pzmhg,8130,jlc5rgr,NTA,2023-05-23,20:24:04
13o4hsv,8123,jl2hj23,ESH,2023-05-21,19:52:12
17v31w9,8105,k97qojt,NTA,2023-11-14,14:11:48
173a3e0,8129,k41n1yc,NTA,2023-10-08,21:12:00
1aokcnh,8125,kq055kq,NTA,2024-02-11,22:23:57
174mawk,8112,k49zq2o,YTA,2023-10-10,14:14:16
18cdbkk,8060,kc9x16p,NTA,2023-12-06,20:27:11
176cwn7,8092,k4ldrar,NTA,2023-10-12,17:47:09
14n0ekm,8100,jq50hwn,NTA,2023-06-30,13:26:48
13cgu71,8088,jjfr832,NTA,2023-05-09,05:44:53
1aepk1n,8097,kk9eypo,NTA,2024-01-30,14:22:52
16hkvnc,8102,k0e8i6g,YTA,2023-09-13,11:46:32
12kwkp5,8064,jg4cho8,NTA,2023-04-13,17:27:27
12hqc89,8063,jfq2nix,YTA,2023-04-10,17:51:17
137is8y,8056,jitlpt5,YTA,2023-05-04,12:13:18
17reryw,8042,k8icd5j,NTA,2023-11-09,14:57:35
14rct64,8082,jqrhs2o,NTA,2023-07-05,14:49:17
14wkk5r,8080,jrier4h,YTA,2023-07-11,07:49:50
12mfxg7,8039,jgaf8su,NTA,2023-04-14,22:26:03
19bm2sk,8054,kisqsdk,NTA,2024-01-20,21:13:38
1ap1nf6,8040,kq37c4y,NTA,2024-02-12,14:47:18
14md806,8046,jq17x6g,ESH,2023-06-29,18:57:39
196etez,8020,kht4789,NTA,2024-01-14,12:27:48
15fa146,8017,jubx025,NTA,2023-08-01,11:38:01
14bjnlo,7981,jog0bqc,NTA,2023-06-17,06:40:50
163fng0,8017,jy2behf,NTA,2023-08-28,07:45:52
187qzqg,8033,kbg1wm9,NTA,2023-11-30,19:35:42
18sc2ii,8043,kf6kgtu,YTA,2023-12-27,21:43:02
15y7ru0,8030,jxa1mgo,YTA,2023-08-22,14:39:55
17la375,8020,k7cqly9,NTA,2023-11-01,11:37:28
15wrn7t,7998,jx2ijyf,YTA,2023-08-21,00:16:15
1975ocd,8062,khy88do,YTA,2024-01-15,10:29:39
15b85ou,7960,jtp33fg,NTA,2023-07-27,17:37:43
16dlyt3,7974,jzq8l3v,NTA,2023-09-08,20:56:48
15gkyqz,7968,juji1se,NTA,2023-08-02,21:46:08
13v2775,7972,jm3ly26,NTA,2023-05-29,18:13:57
13zzdgr,7954,jmtl9sv,YTA,2023-06-04,03:22:07
134oajj,7964,jifq9lr,NTA,2023-05-01,14:39:21
16ny3po,7960,k1hdcj8,NTA,2023-09-20,22:07:00
17v3i4o,7951,k97s687,NTA,2023-11-14,14:33:48
14opn84,7925,jqdvusv,NTA,2023-07-02,14:26:38
182ytcs,7932,kalhhz6,NTA,2023-11-24,18:39:18
14rlst1,7914,jqsvksf,NTA,2023-07-05,20:08:15
1am38dh,7917,kpiyggk,NTA,2024-02-08,18:59:20
13q20i9,7905,jlcqdsi,NTA,2023-05-23,21:51:34
159erd3,7909,jtg6nk3,NTA,2023-07-25,17:19:26
17jwenw,7911,k74b1mm,NTA,2023-10-30,15:46:16
13r1k0r,7916,jlhyft3,NTA,2023-05-24,23:32:30
13nrqyj,7908,jl0s2qb,NTA,2023-05-21,12:27:53
12xpuqz,7878,jhjnush,NTA,2023-04-24,17:24:37
16g3lni,7879,k05dqo4,YTA,2023-09-11,18:49:30
17m1062,7867,k7hpe2e,NTA,2023-11-02,11:05:30
171zdsa,7881,k3tmgyl,NTA,2023-10-07,06:33:29
181ilw9,7906,kacm5xo,NTA,2023-11-22,20:18:47
1bhqa5n,7929,kvfjs97,NTA,2024-03-18,13:07:02
15dt4nk,7870,ju3w1hm,YTA,2023-07-30,18:50:25
15x9kvz,7868,jx5g466,NTA,2023-08-21,14:40:03
1asq4ce,7885,kqs198s,NTA,2024-02-17,01:48:56
16t6hca,7851,k2djjhk,NTA,2023-09-27,01:17:22
17hqdb0,7851,k6p8ax3,NAH,2023-10-27,15:40:22
12qny29,7840,jgqusu7,ESH,2023-04-18,13:58:00
13bv02t,7855,jjch4w8,NTA,2023-05-08,15:13:34
13oeqx9,7836,jl4209x,NTA,2023-05-22,03:10:34
195p8vp,7850,khoa78a,NTA,2024-01-13,14:32:23
190v0mj,7832,kgqr8tx,NTA,2024-01-07,15:48:46
186qfyf,7835,kb9i18b,NTA,2023-11-29,14:18:40
145eer7,7817,jnkibg7,NTA,2023-06-09,19:29:43
1604usw,7827,jxkcl1w,NTA,2023-08-24,15:19:27
1b4exdu,7799,ksyjjo5,NTA,2024-03-02,04:00:04
18wsee9,7808,kfzqwff,NTA,2024-01-02,15:46:15
19cfu8x,7859,kiyhrz2,NTA,2024-01-21,22:31:19
19c2wbv,7855,kivxo7k,NTA,2024-01-21,12:59:33
1ba2tj3,7813,ktztl6j,NTA,2024-03-08,23:31:17
14s84uq,7792,jqwbieo,NTA,2023-07-06,12:44:36
133o93x,7784,jiat2jw,NTA,2023-04-30,12:45:45
15ggc3c,7787,juimpkq,NTA,2023-08-02,18:15:15
1b5lsgq,7785,kt64hr9,NTA,2024-03-03,16:54:06
1b6lfi7,7815,ktcx14c,NTA,2024-03-04,20:35:54
167a8kx,7764,jyop4vq,ESH,2023-09-01,15:28:00
12m9rb3,7757,jg9nboo,NTA,2023-04-14,19:19:08
1bpvgkw,7962,kwya49d,NTA,2024-03-28,13:20:13
190rdxo,7763,kgq7nwo,NTA,2024-01-07,12:45:55
173o5j2,7754,k441yv4,NTA,2023-10-09,10:06:56
15yfhko,7743,jxbc5vt,NTA,2023-08-22,19:13:32
17pxtwe,7746,k88dfed,NTA,2023-11-07,16:15:03
185y3hx,7736,kb4ibsy,NTA,2023-11-28,15:03:46
1951pgg,7862,khjyvap,NTA,2024-01-12,18:14:54
17tbi6j,7735,k8vvzzg,NTA,2023-11-12,03:25:56
1bii2hg,7776,kvki30o,NTA,2024-03-19,11:33:49
14tusn7,7708,jr4e3ss,YTA,2023-07-08,05:25:39
14r9oup,7712,jqr2rtn,YTA,2023-07-05,12:46:47
17a0r09,7695,k59onjl,NTA,2023-10-17,15:18:18
166ryte,7683,jylkmj4,NTA,2023-09-01,00:21:20
13nyci6,7689,jl1il2e,NTA,2023-05-21,15:46:07
149c8x5,7698,jo4ialm,NTA,2023-06-14,16:27:31
14nfogo,7677,jq7me6g,NTA,2023-06-30,23:34:01
17rqn50,7682,k8mq8x9,YTA,2023-11-09,23:46:42
14o79bc,7668,jqbqesb,NTA,2023-07-01,22:11:35
16joa16,7687,k0r48lv,NTA,2023-09-15,20:42:42
12ylg85,7670,jhnyzv7,NTA,2023-04-25,14:43:20
13rmffj,7665,jllh5wr,YTA,2023-05-25,16:34:10
18hbyly,7654,kd5m8rg,NTA,2023-12-13,08:06:12
1b85hha,7677,ktmz2x5,NTA,2024-03-06,17:24:09
17fktrv,7657,k6ajri2,YTA,2023-10-24,19:18:23
